,decam_g,decam_r,pmra_unc_present,pmdec_unc_present,pmra_unc_10yr,pmdec_unc_10yr,vr_unc
479,15.244138967622352,14.223660814575254,0.0339861676196351,0.0293666885257041,5.0979251429452646,4.4050032788556175,1.9795733616612488
89,15.44798012708486,14.509058799966416,0.0373801922694624,0.03229938943672,5.607028840419374,4.844908415508002,1.9804602301958365
298,15.635646651768583,14.83196000051048,0.04085595372427,0.0353027172957284,6.128393058640504,5.29540759435927,1.9817370490206063
396,15.820108957727976,15.07432602958587,0.0446428503234092,0.0385748900852759,6.696427548511379,5.786233512791386,1.983122716538973
431,16.180002332337352,15.443139676236145,0.0532777702308402,0.0460361315586871,7.991665534626033,6.905419733803077,1.9863967296990213
435,16.296750767791504,15.673528713771065,0.0564916610627636,0.0488131828600579,8.473749159414545,7.321977429008686,1.9886568376391576
127,16.535886766954043,15.966807882210976,0.0638254910205204,0.0551501815614206,9.57382365307807,8.27252723421309,1.993017944788661
213,16.829223725069618,16.20511303974306,0.0744524551946487,0.0643327040031431,11.167868279197316,9.649905600471463,1.998747335428956
87,16.899541974009942,16.28459802965783,0.0773126909593304,0.0668041698580622,11.596903643899571,10.020625478709338,2.0007657635994693
315,17.0734170421125,16.48047991560554,0.084986272095974,0.0734347399664242,12.747940814396111,11.015210994963631,2.00658408089314
60,17.188988306430986,16.85329638324877,0.0906109577773417,0.0782949052639166,13.591643666601254,11.744235789587492,2.0174682024820707
6,17.19184626308562,16.859172081398754,0.090755809479036,0.0784200683847981,13.613371421855408,11.763010257719722,2.0176887463873587
199,17.200499851276223,16.622165593713298,0.091196162690288,0.078800567761511,13.679424403543209,11.820085164226654,2.011683195064772
91,17.24775015951429,16.67462715521774,0.0936479891937943,0.0809191362936669,14.047198379069153,12.137870444050042,2.013789997917652
190,17.25404106392754,16.986316530863732,0.0939805808569483,0.0812065213229941,14.097087128542244,12.180978198449123,2.0227744346055263
288,17.267851330518436,17.017396202092208,0.0947158845294498,0.0818418808070003,14.207382679417476,12.27628212105005,2.024079841815736
203,17.270397928562385,17.022732976728648,0.0948522551387391,0.0819597156053183,14.227838270810876,12.293957340797748,2.024311692956233
263,17.29431420733592,17.073426769973448,0.0961449878569619,0.0830767370802875,14.421748178544297,12.461510562043127,2.026565230049707
194,17.307090057149278,17.110444810812186,0.0968445542612451,0.0836812167888428,14.526683139186767,12.552182518326433,2.028162962388403
149,17.31458195220604,17.191604193863913,0.0972577409304029,0.0840382421631637,14.588661139560443,12.605736324474558,2.031310416008
207,17.314670313626433,17.192943655103917,0.097262627270764,0.0840424643407572,14.589394090614606,12.60636965111359,2.0313630321108445
327,17.315159990320925,17.200010089813446,0.0972897116875709,0.0840658673805224,14.593456753135634,12.609880107078364,2.031642074493892
250,17.315963979047314,17.208323658088247,0.097334201366697,0.0841043099187965,14.600130205004564,12.615646487819475,2.031978215771604
513,17.33684480968304,17.228528796557836,0.0984986096738897,0.085110449135691,14.774791451083452,12.766567370353664,2.033313459199534
159,17.340688593203065,17.23387407881699,0.0987148472531166,0.0852972951992949,14.80722708796749,12.79459427989424,2.033626367073871
473,17.348577886432814,17.238199272316443,0.0991605304455743,0.0856824000937487,14.874079566836157,12.852360014062308,2.0340115565085037
151,17.35120706503472,17.240535564746907,0.099309616355752,0.0858112218996303,14.896442453362802,12.871683284944558,2.0341758614254246
394,17.353768023661985,17.24366993010584,0.0994551030913197,0.0859369337391015,14.918265463697958,12.890540060865224,2.034370400198528
413,17.353798138190676,17.243836836355037,0.0994568154648694,0.0859384133628483,14.91852231973041,12.890762004427248,2.03437784936269
12,17.35889423470374,17.250380267817093,0.0997471210075911,0.0861892598997632,14.962068151138666,12.92838898496448,2.0347792183301467
237,17.36110479338409,17.253481470459267,0.0998733773396394,0.0862983551769699,14.98100660094591,12.944753276545496,2.034964723232601
439,17.364961334192913,17.25889182877832,0.1000941224303346,0.0864890960805804,15.014118364550203,12.973364412087069,2.0352897814975157
186,17.365848834740106,17.260136907258413,0.1001450084426395,0.0865330655475235,15.021751266395936,12.979959832128523,2.0353648442545724
139,17.381873203857992,16.822951668713586,0.1010693719271953,0.0873317873934018,15.160405789079302,13.099768109010272,2.0204756808320745
429,17.481806587330308,16.932991778354225,0.1070813107882749,0.0925265695160822,16.062196618241238,13.87898542741233,2.026218894375441
387,17.50883890203385,16.96269807858247,0.1087839884527665,0.0939978152650119,16.317598267914985,14.099672289751783,2.027896695274752
318,17.55046489463685,17.00838409782703,0.1114727882999385,0.0963211471717915,16.720918244990788,14.448172075768738,2.0305906203412576
174,17.571289003332172,17.031200775622064,0.1128491820912638,0.0975104583118687,16.927377313689576,14.626568746780311,2.031989860036553
512,17.744097504390915,17.219905030762124,0.1251357280171531,0.1081269882866663,18.770359202572973,16.219048242999946,2.0450734277512903
274,17.805548659775983,17.286687368087076,0.1299068466248573,0.1122496053360418,19.486026993728608,16.837440800406274,2.0504246014298904
206,17.81602842963832,17.298059710957865,0.1307431660620625,0.1129722502866365,19.611474909309383,16.945837542995488,2.051377412191128
348,17.838720412989954,17.322684394370096,0.1325773521472956,0.1145571295253331,19.886602822094357,17.183569428799977,2.053483110836048
383,17.86004668207913,17.345793105594254,0.1343306871439324,0.1160721471437862,20.149603071589866,17.41082207156794,2.055514519720837
204,17.978833720998296,17.47404707744044,0.1446475806058129,0.1249867444069645,21.69713709087194,18.74801166104469,2.067828046463628
467,18.097780044745736,17.601757733234876,0.1559927852867381,0.13478988243223,23.39891779301072,20.218482364834507,2.0820401275144733
322,18.10021981858243,17.60437322855926,0.1562369311740035,0.1350008434416146,23.435539676100525,20.2501265162422,2.0823535012818364
128,18.158190089807206,17.666436175054496,0.1621809342740146,0.1401369237901679,24.32714014110219,21.020538568525197,2.090074137228534
351,18.343107294961165,17.863718946396556,0.1831231003184983,0.1582325818286053,27.468465047774743,23.734887274290795,2.118618999102648
379,18.377280643510595,17.90008137298004,0.1873534185695583,0.161887905365929,28.103012785433748,24.28318580488936,2.124624030906828
308,18.389264300840416,17.912814025756166,0.1888654485763743,0.1631944167310419,28.32981728645615,24.479162509656287,2.126787612464425
138,18.415893634869832,17.941107730634744,0.192279727664088,0.1661446190495518,28.84195914961321,24.92169285743277,2.1317094962950844
2,18.42552142773417,17.95133300870486,0.1935328837803007,0.1672274432664734,29.029932567045115,25.08411648997102,2.133528034593368
312,18.449256067135387,17.976531126236527,0.1966654820871318,0.1699342515121818,29.49982231306977,25.490137726827275,2.1381018339260667
493,18.48730140705293,18.01689962236041,0.2018182852019477,0.1743866736211005,30.27274278029217,26.15800104316508,2.145710945647
219,18.58005646036869,18.11516821715252,0.2150931164736495,0.1858571588947068,32.26396747104742,27.878573834206023,2.16578146253999
514,18.61353411563898,18.150600781858326,0.2201455433900869,0.1902228481720169,33.021831508513046,28.533427225802537,2.1735923211164807
38,18.6164230454402,18.1536569589951,0.2205882992169577,0.1906054235952353,33.08824488254366,28.590813539285303,2.174281101363586
96,18.62150891984877,18.159037267329843,0.2213704015429227,0.1912812207506808,33.20556023143842,28.692183112602127,2.1754995415477683
218,18.622811747673182,18.16041551909921,0.2215712936912773,0.1914548071701328,33.23569405369159,28.71822107551992,2.175812872155631
430,18.709827112142147,18.25236657117013,0.2355062849821423,0.2034957219748608,35.32594274732135,30.524358296229124,2.197882732572605
179,18.75294512977135,18.29787465721669,0.2428051787080936,0.2098025330584498,36.42077680621404,31.47037995876748,2.209700367029205
104,18.831055907935475,18.38023822044376,0.2567369900559946,0.221840700145471,38.51054850839919,33.276105021820655,2.2327264625694028
402,18.851798576674312,18.40209075265221,0.2605972566839724,0.2251762703385781,39.089588502595866,33.776440550786724,2.239211109829967
376,18.89366639076948,18.446195523494826,0.2686035411861343,0.2320943219957859,40.29053117792015,34.81414829936789,2.2528039104626263
323,19.003568765145285,18.56182544713097,0.2910617156046983,0.2514999290176519,43.65925734070475,37.7249893526478,2.2918955488122674
156,19.02867021101889,18.58821105573388,0.2965007162741839,0.2561996480427414,44.47510744112759,38.429947206411214,2.3015680124073725
234,19.07887310037648,18.64099482411006,0.3077446529749075,0.2659152826676385,46.16169794623613,39.887292400145775,2.321814865726823
15,19.0872717137396,18.649828086995,0.3096745937569651,0.2675829014016495,46.45118906354477,40.13743521024743,2.325323766479362
33,19.141228245603365,18.70658196780657,0.3224197195373631,0.2785956799885953,48.36295793060447,41.7893519982893,2.3487337017640937
39,19.164445883390435,18.73101617839817,0.3280934233073297,0.2834982007218675,49.21401349609946,42.52473010828012,2.359287713316777
41,19.197511236017824,18.765822452529367,0.3363772721694376,0.2906560895444654,50.45659082541563,43.59841343166981,2.3748387885398548
286,19.204639793029564,18.77333070845853,0.3381951688888823,0.2922268935059274,50.72927533333234,43.83403402588911,2.378274523505902
46,19.21436179873559,18.783570551790845,0.3406930099100271,0.2943852221552661,51.10395148650407,44.15778332328992,2.383008000634314
267,19.23533590262488,18.80566183052037,0.3461556758025365,0.2991053897711238,51.92335137038047,44.865808465668565,2.39341058601097
209,19.248385758444496,18.81941990210998,0.3496061265122779,0.302086847180512,52.440918976841694,45.3130270770768,2.400020593512752
249,19.25696840002597,18.82846886567264,0.3518973050766536,0.3040666034157492,52.78459576149804,45.60999051236238,2.4044250057724463
303,19.3483449131922,18.924980057501696,0.3774061969464615,0.3261082672644183,56.61092954196923,48.916240089662736,2.454307041826602
419,19.352148793703847,18.92900487632039,0.3785137692886824,0.3270652957931333,56.777065393302365,49.05979436897,2.456507420828648
349,19.416066388199468,18.99673010071588,0.3976983710163264,0.3436422817519713,59.65475565244897,51.5463422627957,2.495065849053677
371,19.4278064608399,19.009207903589232,0.4013428008088038,0.34679135215518,60.20142012132058,52.018702823277,2.5024910814458003
437,19.47137126552668,19.05556188722237,0.4152062432285106,0.3587704431780334,62.280936484276594,53.81556647670501,2.5310039913839706
118,19.49279163248647,19.078414283418937,0.4222238144829746,0.3648341697959683,63.33357217244619,54.725125469395245,2.545607980907218
266,19.49505339768713,19.080827255828147,0.4229726960250725,0.3654812616138976,63.44590440376088,54.82218924208464,2.5471722439539457
49,19.5100214438622,19.09682396653665,0.4279671863957735,0.3697968892157655,64.19507795936603,55.46953338236482,2.557644258298024
120,19.526828637965647,19.11481930686624,0.4336559279441361,0.3747124037575545,65.04838919162043,56.20686056363319,2.5696452610032186
432,19.54326110857891,19.132413433483777,0.4393014874022831,0.3795906056194486,65.89522311034247,56.938590842917286,2.581617776604599
76,19.579974900465302,19.17188980402852,0.4522203338226399,0.390753492332184,67.83305007339598,58.6130238498276,2.609318371250975
460,19.5968001854532,19.19003301298608,0.4582849176825699,0.3959937638228031,68.74273765238549,59.39906457342047,2.6224554788474785
73,19.603873708289026,19.197691573037623,0.4608620877464029,0.3982206389265035,69.12931316196044,59.73309583897552,2.628073266459962
142,19.60827213763108,19.202453787853408,0.4624729111162258,0.3996125154305252,69.37093666743387,59.941877314578775,2.6315910472181137
345,19.63747543390441,19.23411146973282,0.4733313751109859,0.4089950716978422,70.99970626664789,61.34926075467634,2.6554509277690204
226,19.684806086466065,19.285806651455903,0.4915487403730376,0.4247362902252461,73.73231105595563,63.71044353378692,2.6961674096502577
248,19.722124736779584,19.32694847046475,0.5064715552215546,0.4376307613079452,75.97073328323319,65.64461419619178,2.730178681588031
279,19.74871507821731,19.3565366121056,0.517415664446023,0.4470873217057869,77.61234966690346,67.06309825586803,2.755532540174064
355,19.75932358754944,19.36844181511076,0.5218559119318759,0.4509240404071548,78.27838678978138,67.63860606107322,2.7659381510765044
18,19.794630995590385,19.408355629391995,0.536944835481916,0.4639620423096168,80.5417253222874,69.59430634644251,2.801743556017793
353,19.80403893171488,19.41914852451073,0.5410474499085972,0.4675070198239335,81.15711748628958,70.12605297359002,2.8116448503944875
294,19.80460332197404,19.41979599966284,0.541294682585326,0.4677206480591652,81.1942023877989,70.15809720887478,2.812242587931684
223,19.834048821011976,19.45373361884874,0.554370304273888,0.4790190007803498,83.1555456410832,71.85285011705247,2.8441204493549166
414,19.85754727521128,19.48130075867763,0.5650583636324399,0.4882543142066713,84.75875454486598,73.2381471310007,2.870724580984337
9,19.862067660308742,19.48664926424693,0.567140669296247,0.4900535880326794,85.07110039443704,73.50803820490191,2.875962968766167
443,19.869826619630388,19.49596126983498,0.5707347829214853,0.4931591813593416,85.61021743822279,73.97387720390124,2.8851079808056395
440,19.873250591682144,19.50007058985556,0.5723289021860465,0.4945366242190109,85.84933532790696,74.18049363285164,2.889173009018646
400,19.880231913341937,19.508449304527595,0.5755946217252986,0.4973584595490444,86.3391932587948,74.60376893235666,2.897517630315277
397,19.89436939248625,19.52550320762637,0.5822715565155899,0.5031278498047331,87.34073347733849,75.46917747070997,2.914705263893424
79,19.90387139504914,19.53735964808495,0.5868076095749577,0.5070473519628276,88.02114143624365,76.05710279442414,2.9266941263096933
32,19.92452508162691,19.56328318359816,0.5968032666877486,0.5156843760699964,89.5204900031623,77.35265641049945,2.953384406196167
509,19.9321299298992,19.573159509987264,0.6005312335234666,0.518905628966879,90.07968502852,77.83584434503184,2.963623670209234
369,19.969411574858245,19.62251401450872,0.6191844257952723,0.5350234358813518,92.87766386929084,80.25351538220276,3.016056965467523
314,19.96976336494852,19.62298719858017,0.6193634652774349,0.5351781398999195,92.90451979161524,80.2767209849879,3.0165700512638915
446,19.978478481761904,19.635096906867304,0.6238172548477612,0.5390265600140849,93.57258822716418,80.85398400211274,3.029642186549001
475,19.97888742735121,19.63567163690897,0.6240271113398105,0.5392078923227489,93.60406670097156,80.88118384841233,3.0302642884862143
395,19.981149125846585,19.63885021641803,0.625189145828832,0.5402119803763694,93.7783718743248,81.0317970564554,3.033711473094783
7,19.988637416583405,19.649374221957512,0.6290536445096268,0.5435512073918134,94.35804667644402,81.532681108772,3.0452051153457207
37,19.993153612665505,19.655721260855408,0.6313970829313605,0.5455761202028261,94.70956243970409,81.83641803042391,3.0521969814318965
26,20.00170457950437,19.66809468481099,0.6358606062612098,0.5494329510412396,95.37909093918148,82.41494265618593,3.0658268422715524
480,20.00331871066618,19.67045139530503,0.6367070700105195,0.5501643614654004,95.50606050157792,82.52465421981005,3.068434700178778
140,20.0094100313418,19.67934502160906,0.6399126292896711,0.5529342136580653,95.98689439345064,82.94013204870978,3.0783321834900783
208,20.01005322267913,19.680284112440223,0.6402521470739152,0.5532275833939656,96.03782206108728,82.98413750909484,3.079382470465048
117,20.01921284429499,19.693834766083377,0.6451088111711709,0.5574241183906234,96.76632167567564,83.61361775859352,3.094584213223865
335,20.02031175588878,19.695476505646795,0.6456942063967884,0.5579299453331473,96.85413095951826,83.68949179997209,3.0964343036424604
269,20.02434307535765,19.70149917089321,0.6478467289266644,0.5597898919851759,97.17700933899964,83.96848379777639,3.1032474207848075
187,20.02906537628393,19.70855414083334,0.6503782657429455,0.5619773364186617,97.55673986144184,84.29660046279925,3.111280798430625
173,20.0292763458298,19.708869322738853,0.6504916166647957,0.5620752804190954,97.57374249971936,84.31129206286431,3.1116410177711598
61,20.04462439206471,19.7323395480014,0.6587965748826209,0.5692514093645947,98.81948623239312,85.3877114046892,3.138586260260434
160,20.04909900169212,19.739223655829964,0.66123975266383,0.5713625047289403,99.18596289957448,85.70437570934105,3.1465944813046907
299,20.049128623642883,19.73926922867769,0.6612559597086557,0.5713765088744694,99.18839395629836,85.7064763311704,3.146647678306244
29,20.050205955889123,19.740926685298017,0.6618456971814212,0.5718860878557912,99.27685457721316,85.78291317836867,3.1485840566699395
363,20.05193062079199,19.743611338609306,0.6627909932386099,0.572702897070255,99.41864898579148,85.90543456053825,3.1517158444588445
114,20.055714113703743,19.74955656708331,0.6648699495651941,0.5744992768087599,99.7304924347791,86.17489152131398,3.15866070503297
350,20.061959167960524,19.75936979397579,0.6683171945662603,0.5774779642368657,100.24757918493904,86.62169463552985,3.17021335006289
45,20.06671594512092,19.76684440214292,0.670956102701523,0.5797581858294713,100.64341540522844,86.96372787442068,3.17908813683158
165,20.07281263494576,19.77628217301413,0.6743551126307546,0.5826951944090987,101.1532668946132,87.4042791613648,3.190440135076262
137,20.07383828150342,19.777865909550965,0.6749287854890709,0.5831908923157991,101.23931782336062,87.47863384736986,3.192357003685256
193,20.074430492545428,19.778780363226776,0.6752602698853779,0.5834773205805692,101.28904048280668,87.52159808708538,3.193465179388012
352,20.08154946876348,19.78977302210825,0.6792590754781764,0.5869325991995894,101.88886132172648,88.0398898799384,3.206865454357056
306,20.088228005317426,19.800072758136903,0.6830341329775955,0.5901945420874369,102.45511994663931,88.52918131311554,3.219559097461936
55,20.10307887879413,19.822949952073227,0.6915114188032353,0.5975195754707567,103.72671282048528,89.62793632061351,3.248231547776774
116,20.103299828328137,19.82328532341482,0.6916384110351282,0.5976293066225866,103.74576165526923,89.64439599338799,3.2486586978195677
401,20.103465039210864,19.82353510618832,0.6917333838129752,0.5977113704791729,103.76000757194628,89.65670557187592,3.248977323670946
40,20.104696736535114,19.825397312652456,0.6924418856300147,0.5983235710783622,103.8662828445022,89.74853566175433,3.2513552785340174
378,20.11359227211052,19.83884649657477,0.6975824950600515,0.6027654568965494,104.63737425900771,90.4148185344824,3.2686609798521227
94,20.12101993413961,19.85005636564087,0.7019068891002899,0.6065020692225805,105.28603336504348,90.97531038338708,3.283271834805644
205,20.125061098057788,19.856074418011094,0.7042719883640788,0.6085456986835244,105.6407982546118,91.28185480252866,3.2912169828610223
406,20.13131531908109,19.86538812822311,0.7079495057801793,0.611723359363456,106.1924258670269,91.7585039045184,3.303607891718805
136,20.13172977879069,19.866005336603727,0.7081939521408095,0.6119345800051655,106.22909282112144,91.79018700077484,3.3044331117532124
254,20.13481606406458,19.870601395260035,0.7100171366075811,0.6135099529910168,106.50257049113718,92.02649294865252,3.310594197172319
182,20.137497261597726,19.874594202158267,0.7116051908046882,0.6148821551613325,106.74077862070322,92.23232327419986,3.31596967395473
411,20.13769102625827,19.874882754144345,0.71172010673884,0.6149814514539491,106.758016010826,92.24721771809236,3.316358981786742
329,20.13833458113604,19.87584112827514,0.7121019253335356,0.6153113723755792,106.81528880003032,92.29670585633689,3.317652805837427
23,20.138751520715093,19.876462029647325,0.7123494135950801,0.615525221455943,106.85241203926202,92.32878321839144,3.3184916978092995
167,20.140156710002152,19.87851148461815,0.7131842034391052,0.6162465447192269,106.97763051586578,92.43698170788404,3.321282981250037
302,20.144349421237344,19.884614989157384,0.7156813615753125,0.61840428330294,107.35220423629688,92.760642495441,3.329635064041182
384,20.14780088172942,19.88963942408711,0.7177442119734061,0.620186746268283,107.66163179601092,93.02801194024244,3.336549214730073
459,20.15498649657568,19.900099823187134,0.7220597608707254,0.6239157157038306,108.3089641306088,93.5873573555746,3.351056671872815
423,20.15822422835796,19.9047997936118,0.7240135462521252,0.6256039380236811,108.60203193781878,93.84059070355217,3.357631038094425
287,20.15920357941189,19.906195409915448,0.7246056659981938,0.6261155754741675,108.69084989972906,93.91733632112512,3.359601084676825
393,20.160814062188496,19.90849041537928,0.7255805215266754,0.6269579263677098,108.8370782290013,94.04368895515648,3.3628467792086534
192,20.16198373877704,19.91015725354769,0.7262894471350202,0.6275704931555028,108.94341707025302,94.13557397332542,3.3652088366915143
233,20.16467986433741,19.91399934548566,0.7279264176348278,0.6289849628106764,109.18896264522417,94.34774442160146,3.37066866610757
450,20.16529287315512,19.91487290874659,0.7282991721252235,0.6293070516421835,109.24487581878353,94.39605774632751,3.371913022087023
180,20.175529702767893,19.92946082004556,0.7345548253722312,0.6347124219235784,110.18322380583466,95.20686328853677,3.3928567691151272
106,20.182677311959388,19.9394713572698,0.738957448566935,0.6385166303151186,110.84361728504024,95.7774945472678,3.407493095788095
202,20.18282245344364,19.939672676115585,0.7390471473454003,0.638594137026608,110.85707210181006,95.7891205539912,3.407789933184961
185,20.18294329348465,19.939840287585906,0.7391218366708983,0.6386586744049509,110.86827550063474,95.79880116074264,3.4080371169375985
231,20.18507344077552,19.9427949135231,0.7404398002783661,0.6397974973279086,111.06597004175492,95.96962459918628,3.4124013992229303
85,20.18508969871936,19.942817464143307,0.7404498692393706,0.6398061976922716,111.0674803859056,95.97092965384074,3.412434759555947
147,20.185930874791683,19.94398421944313,0.7409710349923899,0.6402565253817738,111.14565524885847,96.03847880726607,3.4141618537788414
238,20.19367496656492,19.95472568061405,0.7457878688340746,0.6444186439440062,111.86818032511115,96.66279659160092,3.4301592153633007
291,20.19491938292912,19.95645175133325,0.7465650769442556,0.645090212116881,111.98476154163832,96.76353181753215,3.43274630912318
344,20.196017493474965,19.95797488821424,0.7472516423637706,0.6456834579648115,112.0877463545656,96.85251869472172,3.4350330372964537
370,20.20155404839653,19.96554399314336,0.75072373154917,0.6486836126978266,112.6085597323755,97.302541904674,3.4465055530819395
175,20.20311865367169,19.967669357903794,0.7517081122472171,0.6495341940776925,112.75621683708258,97.43012911165388,3.449750067998194
495,20.2099259726,19.976916441492858,0.7560073800865151,0.6532490954145617,113.40110701297726,97.98736431218424,3.463949373516768
59,20.21099093521467,19.978363090081057,0.7566823937445964,0.6538323596433891,113.50235906168946,98.07485394650836,3.4661830291821456
92,20.21404225542789,19.98250801312136,0.7586200739199085,0.6555066658142898,113.79301108798629,98.32599987214348,3.472601341148383
409,20.21567802460204,19.98473004714754,0.7596610611373067,0.6564061596234979,113.949159170596,98.46092394352468,3.4760534073142564
195,20.228369755745344,20.00174887738217,0.7677909973772418,0.6634310559861604,115.16864960658626,99.51465839792404,3.502875594888224
328,20.23563144399586,20.01138063439128,0.7724851641773841,0.667487180696963,115.87277462660762,100.12307710454444,3.518324042572472
301,20.2366978243425,20.012795059800872,0.7731771284676681,0.6680850915885674,115.9765692701502,100.21276373828512,3.520605686249928
338,20.239989424631247,20.01716097211473,0.7753172724797062,0.6699343422397461,116.29759087195592,100.49015133596193,3.52766961174754
444,20.24134774785053,20.018962624669424,0.7762023086562482,0.6706990822369523,116.43034629843724,100.60486233554283,3.5305939800271258
109,20.24143753771815,20.019081720141024,0.7762608513071344,0.6707496676343201,116.43912769607016,100.612450145148,3.5307874836718467
19,20.242247666895185,20.020156259161432,0.7767892695529448,0.671206262040894,116.51839043294171,100.68093930613408,3.5325344525098537
424,20.242643328494296,20.02068105673591,0.7770474875780967,0.6714293824703942,116.5571231367145,100.71440737055912,3.533388368714
214,20.24800264190968,20.02762137136738,0.7805543084858746,0.6744595481091538,117.08314627288118,101.16893221637304,3.544819837541133
261,20.276175742274138,20.063759842326213,0.7992741382037647,0.6906349349527676,119.8911207305647,103.59524024291514,3.605911454242829
154,20.27679680810476,20.06454064125524,0.7996922622848517,0.6909962266344835,119.95383934272776,103.64943399517252,3.607266736369709
82,20.277341641222584,20.06522560103555,0.8000592591591615,0.6913133404384988,120.00888887387424,103.6970010657748,3.608456585661895
325,20.281568914433706,20.070540094658007,0.8029129458944574,0.6937791474233661,120.4369418841686,104.06687211350491,3.617717761654278
451,20.28634426122927,20.076543621949146,0.8061499054782709,0.6965761319181176,120.92248582174064,104.48641978771764,3.628242421424373
211,20.28737438698347,20.077838687699003,0.8068500283287628,0.6971810924394164,121.02750424931442,104.57716386591244,3.630521542544357
197,20.290034349436112,20.081182770937662,0.8086609174165381,0.6987458412628339,121.29913761248072,104.81187618942508,3.63642107066564
464,20.29905019716374,20.09242531212031,0.8148317116170112,0.7040778867370291,122.22475674255166,105.61168301055436,3.656466983091332
123,20.300432931121858,20.094132807137235,0.8157826132678039,0.7048995396197529,122.36739199017056,105.73493094296292,3.659543222168164
255,20.300633303371413,20.094380240575635,0.8159205083289173,0.7050186916628509,122.3880762493376,105.75280374942764,3.6599894640047497
62,20.3029144085358,20.097197106161683,0.8174921336635558,0.7063766980199657,122.62382004953336,105.95650470299483,3.66507791481504
239,20.30315638342966,20.09749591340733,0.8176590407221332,0.7065209186822315,122.64885610831998,105.97813780233471,3.6656185815719375
272,20.30557927946536,20.1004878721158,0.8193323190071445,0.7079667610838433,122.89984785107168,106.19501416257648,3.6710417608370887
3,20.305848937981267,20.10082086500245,0.8195187773676659,0.7081278755895364,122.92781660514989,106.21918133843046,3.671646406101484
157,20.307622619101608,20.103011128470584,0.8207463547458921,0.7091885977901398,123.1119532118838,106.37828966852096,3.6756288034702993
131,20.310091464849,20.106059829044185,0.8224583770327425,0.7106679180185833,123.36875655491136,106.6001877027875,3.681187492204807
412,20.31166268621212,20.108000081275826,0.8235499548255012,0.711611126014268,123.53249322382518,106.7416689021402,3.684734541014533
466,20.313106917764728,20.109783517753176,0.8245546925075028,0.7124792974093956,123.6832038761254,106.87189461140932,3.688001367280271
313,20.3149207881602,20.112023409703056,0.8258184648904476,0.7135712949053383,123.87276973356714,107.03569423580072,3.692113092248028
68,20.3174403687429,20.11513476114161,0.8275774052344722,0.7150911559793012,124.13661078517082,107.2636733968952,3.697840803706641
491,20.32581548082953,20.12526527650163,0.8334533430457509,0.7201684226317654,125.01800145686263,108.0252633947648,3.7167639759425617
201,20.325915647470985,20.12538558982689,0.8335238920913776,0.7202293824867243,125.02858381370665,108.03440737300863,3.716990530424251
497,20.328678213690853,20.12870379560236,0.8354721622734878,0.7219128392460232,125.32082434102315,108.28692588690348,3.7232503793010814
340,20.33309490956145,20.134008828886586,0.8385972305294402,0.7246131409429144,125.78958457941604,108.69197114143716,3.733304836251597
25,20.333944200756232,20.135028939437163,0.8391996012769847,0.7251336360548702,125.8799401915477,108.77004540823054,3.7352447889746383
275,20.334642375050777,20.13586753869309,0.8396951408572523,0.7255618207407325,125.95427112858783,108.83427311110988,3.7368411513892568
144,20.339720383474106,20.141966895427764,0.8433088664354563,0.7286843603180158,126.49632996531844,109.30265404770236,3.7484952432923855
405,20.34016151325156,20.142496750373773,0.8436235859019411,0.7289563023812888,126.54353788529116,109.34344535719332,3.749511246870988
311,20.34280243668997,20.14566884715208,0.8455103826938508,0.7305866413568226,126.82655740407762,109.5879962035234,3.755605877398584
307,20.343916767410786,20.147007305071007,0.8463078795957084,0.7312757406215346,126.94618193935624,109.69136109323016,3.7581837198376737
456,20.345019647414787,20.148332009171348,0.847097982096383,0.7319584505493018,127.06469731445743,109.79376758239526,3.760738720205061
367,20.34591133969454,20.149403049007905,0.847737372688989,0.7325109336827187,127.16060590334834,109.8766400524078,3.76280712637209
421,20.34873466863768,20.1527863330958,0.8497652913959758,0.7342632129538044,127.46479370939636,110.13948194307063,3.769362221536285
408,20.35511926118694,20.160324193338425,0.8543705210712571,0.7382424890809891,128.15557816068858,110.73637336214836,3.78413385368288
200,20.36741291327484,20.174838483889506,0.8633140766431446,0.745970415740193,129.4971114964717,111.89556236102894,3.812917654527679
77,20.36768461953548,20.17515926924956,0.8635128793612558,0.7461421967296287,129.52693190418836,111.9213295094443,3.813558921759568
58,20.36844213642824,20.176053618642257,0.8640674021917796,0.7466213475249357,129.61011032876692,111.99320212874036,3.8153479470479614
489,20.37283146885524,20.18123580906991,0.8672880866567273,0.7494042690529001,130.09321299850907,112.41064035793502,3.8257482747308575
436,20.374204968179683,20.18285740760907,0.8682985547023644,0.7502773919272857,130.24478320535465,112.54160878909286,3.829014684461197
93,20.376011760257068,20.1849747484908,0.8696297263621264,0.7514276276332937,130.44445895431895,112.71414414499404,3.833300129519807
95,20.37713952128813,20.186292259790577,0.8704617312269357,0.752146544458226,130.56925968404036,112.8219816687339,3.8359747862400937
11,20.384143134111447,20.19447425826353,0.8756479033794463,0.7566278000074829,131.34718550691696,113.49417000112244,3.852670640425029
476,20.384231197913653,20.19457713914992,0.8757133263546588,0.7566843305394624,131.3569989531988,113.50264958091935,3.852881518243853
445,20.38731844920426,20.198141701270814,0.8780101931030081,0.7586690018074536,131.70152896545122,113.80035027111803,3.86023476437772
1,20.39068474285884,20.202009609787847,0.8805220677123943,0.7608394565670202,132.07831015685912,114.12591848505302,3.8682607839456
339,20.39698360592473,20.209247072885297,0.8852430111407713,0.7649187183643558,132.78645167111569,114.73780775465336,3.883369883549664
198,20.400854608087226,20.21368901862765,0.8881578213575785,0.7674373407847037,133.22367320363676,115.11560111770557,3.892706827697298
282,20.40655182983152,20.2202237769147,0.892466572787102,0.7711604366801171,133.86998591806528,115.67406550201756,3.906527483035693
113,20.41134354007865,20.22571990637076,0.8961079272220694,0.7743068497355746,134.4161890833104,116.1460274603362,3.918227946499871
166,20.41259291412176,20.227152948254727,0.8970599887561981,0.7751295048475887,134.5589983134297,116.2694257271383,3.92129022102146
227,20.41419661615015,20.228988764631303,0.8982836556219874,0.7761868480617173,134.74254834329813,116.4280272092576,3.925223124691531
124,20.420795054871537,20.23652217009701,0.9033373773318452,0.7805536561411088,135.50060659977677,117.08304842116632,3.94146116726926
390,20.42097408100566,20.236726563365515,0.9034749185348616,0.7806725024233271,135.52123778022923,117.10087536349906,3.94190359427793
47,20.4213668753407,20.237175014751585,0.903776771360176,0.7809333267092783,135.5665157040264,117.13999900639172,3.942874652206158
251,20.424832586405675,20.24113180025523,0.9064447933568016,0.7832387049393722,135.9667190035202,117.48580574090582,3.9514631379516905
75,20.43030913882736,20.24733624455016,0.910678120457178,0.7868966283562023,136.60171806857667,118.03449425343034,3.9650450839178895
316,20.431745862054488,20.2489446649055,0.9117922131142836,0.7878592909434102,136.76883196714255,118.17889364151152,3.968597213874066
215,20.4332842302916,20.250666877465203,0.9129867507505404,0.7888914642407582,136.94801261258107,118.33371963611371,3.9724076186138944
375,20.433346512879982,20.250736603200167,0.9130351484033,0.7889332835717835,136.95527226049498,118.33999253576752,3.9725620391798455
224,20.43467454886933,20.25222334753447,0.9140677763226588,0.7898255542982197,137.1101664483988,118.47383314473296,3.975857528512888
258,20.44281245060277,20.26133377781824,0.9204229728770168,0.7953169377286843,138.0634459315525,119.29754065930264,3.996169572833868
265,20.446611306919184,20.265571709253827,0.9234058915246588,0.7978944111232488,138.5108837286988,119.68416166848732,4.005700587744221
230,20.45912945012903,20.27945090830605,0.9333090644006494,0.8064515216665804,139.9963596600974,120.96772824998706,4.037302938461021
196,20.4670331545424,20.28816466487056,0.939620436673395,0.8119050375139044,140.94306550100924,121.78575562708563,4.057436369989063
364,20.47048578115353,20.29196864724909,0.942391841024345,0.8142997461278321,141.35877615365175,122.14496191917482,4.066288822929898
455,20.470491590578167,20.291975047868515,0.9423965116049988,0.8143037818722804,141.3594767407498,122.14556728084206,4.066303749539537
66,20.473551043292403,20.295345845097323,0.944859663144797,0.816432136115407,141.72894947171957,122.46482041731105,4.074179327151385
216,20.47503560296132,20.29698148064569,0.9460573643061664,0.8174670429441633,141.90860464592498,122.62005644162448,4.078011432115925
57,20.48512663589052,20.3079634860953,0.9542418191032148,0.8245390475746225,143.1362728654822,123.68085713619335,4.104045929789945
129,20.48995190493361,20.313197264449656,0.9581822229240324,0.827943862526591,143.72733343860483,124.19157937898864,4.116581885468322
496,20.490286521692465,20.31356021000437,0.9584561233322236,0.8281805337530863,143.76841849983353,124.22708006296295,4.117453919754992
8,20.49107574512302,20.31441624942325,0.9591024744005424,0.8287390312781384,143.86537116008134,124.31085469172076,4.119512083859301
80,20.496443935282947,20.32022832380492,0.9635112844734014,0.8325485856129391,144.5266926710102,124.88228784194084,4.133547876492624
108,20.49959067804506,20.323626220833976,0.9661057501450314,0.8347904054651242,144.9158625217547,125.21856081976864,4.14180429374796
244,20.502502681573723,20.326770643141952,0.9685133459936166,0.8368707552760376,145.2770018990425,125.53061329140564,4.149472668500379
235,20.50993407413596,20.33479516520108,0.9746866815454353,0.8422049966751819,146.20300223181528,126.33074950127728,4.16916430176285
4,20.5106141920114,20.335529566034914,0.9752537643203394,0.8426950002379632,146.28806464805092,126.40425003569447,4.170975269095024
10,20.51217579332004,20.337215805059945,0.976557166257219,0.8438212407465291,146.48357493858285,126.57318611197935,4.175138988616783
362,20.51220978420224,20.33725250889193,0.9765855577337668,0.8438457731874295,146.487833660065,126.5768659781144,4.175229705877584
50,20.51232868100089,20.33738089532497,0.9766848753107416,0.8439315912879224,146.50273129661124,126.58973869318837,4.175547055172477
500,20.51694677999128,20.34234900353037,0.980550874678983,0.8472721150138787,147.08263120184745,127.0908172520818,4.187880332114666
176,20.52606837250841,20.352123396335763,0.9882351567853228,0.8539119315912012,148.23527351779842,128.08678973868018,4.212383382548067
292,20.532315000971817,20.358792959910303,0.9935346571143274,0.8584911114871372,149.0301985671491,128.7736667230706,4.229281158624283
293,20.53577141773944,20.362456726638914,0.9964800641947702,0.8610361719741217,149.4720096292155,129.1554257961183,4.238644108679966
84,20.536370189386343,20.36309141851361,0.9969912597441628,0.8614778846333057,149.5486889616244,129.22168269499585,4.240270005545427
145,20.53670397307389,20.36344522583813,0.9972763461296316,0.8617242214129828,149.59145191944475,129.2586332119474,4.241176859349381
107,20.53872926729549,20.36559201717831,0.9990080311804492,0.863220531796699,149.8512046770674,129.48307976950483,4.246687074357831
36,20.53902432915348,20.365904779756107,0.9992605858773572,0.8634387586707263,149.8890878816036,129.51581380060895,4.247490954952863
81,20.544433948583173,20.37163892150274,1.003903007190179,0.8674501712614171,150.58545107852692,130.11752568921256,4.262279192273407
417,20.545382337933827,20.37264420459859,1.0047192683002293,0.8681554842594214,150.70789024503438,130.2233226389132,4.264881594584931
428,20.54672520960439,20.374067634953832,1.0058762669609416,0.8691552209662504,150.8814400441412,130.37328314493757,4.268571479663986
110,20.54749431490187,20.374882878771103,1.006539558341499,0.8697283562368295,150.9809337512249,130.45925343552443,4.270687444351493
359,20.54817925190529,20.37560797082463,1.0071306549875396,0.8702391096494274,151.06959824813094,130.5358664474141,4.272572005196957
52,20.55115337102337,20.37874620335457,1.009701609647594,0.8724606141615132,151.4552414471391,130.869092124227,4.280756741626724
171,20.551827329689377,20.379457351403964,1.0102851825047805,0.8729648664361694,151.5427773757171,130.9447299654254,4.282615474277838
276,20.55300082818523,20.38069560414614,1.0113021615005682,0.87384361527719,151.69532422508522,131.0765422915785,4.285855444316234
232,20.55467768551777,20.382464991322685,1.0127572612169973,0.8751009344496384,151.9135891825496,131.26514016744576,4.290492978043799
125,20.555018891689222,20.38282502542494,1.0130536181172394,0.8753570098294592,151.9580427175859,131.30355147441887,4.291437748612712
488,20.561907421930968,20.390093668283484,1.0190565594905543,0.880544017423877,152.85848392358312,132.08160261358154,4.3105933114169686
285,20.57239604124897,20.401129419001983,1.028269852012486,0.8885050177583615,154.24047780187288,133.27575266375422,4.340010338936208
14,20.574728270089327,20.40357175196376,1.0303305654213393,0.8902856341990213,154.54958481320088,133.5428451298532,4.346582397950186
170,20.577986407957912,20.406983705959338,1.0332167796542218,0.892779547468211,154.98251694813325,133.91693212023162,4.355793870951345
280,20.581887763060315,20.411069243363443,1.036684144755449,0.8957756202255819,155.5026217133173,134.36634303383727,4.366870444156423
162,20.585820423597653,20.41518756412667,1.0401919038937777,0.8988065965684096,156.0287855840666,134.82098948526144,4.378087498713368
229,20.587372293444187,20.416807589405373,1.041579586093125,0.9000056617697877,156.23693791396877,135.00084926546816,4.382519777002484
361,20.58843674151163,20.417915427171067,1.0425325576324649,0.9008291031969844,156.37988364486972,135.12436547954763,4.385559081345677
416,20.58866391926942,20.41815186529079,1.042736064153958,0.901004948637886,156.4104096230937,135.1507422956829,4.386208230303377
143,20.588975177291868,20.41847581100753,1.0430149588453508,0.9012459353129728,156.4522438268026,135.18689029694593,4.387097915169143
158,20.59061118575841,20.420178507475,1.0444821708404726,0.9025137204349712,156.67232562607086,135.37705806524568,4.391779544756791
112,20.59336981492857,20.42304958561373,1.046961164705651,0.9046557636776984,157.0441747058476,135.69836455165472,4.399694050692876
433,20.59444613332184,20.424169777570903,1.0479300807110516,0.9054929823619768,157.18951210665776,135.8239473542965,4.402788956257296
472,20.5981620674324,20.428037182913087,1.0512825705618252,0.9083897939806064,157.69238558427378,136.25846909709094,4.413504023557009
183,20.598395974943063,20.428280625108087,1.051493982573469,0.9085724703790168,157.72409738602036,136.28587055685253,4.414180069438647
356,20.600884077210303,20.430870148956988,1.0537456054335264,0.9105180474134354,158.06184081502894,136.5777071120153,4.421382734851735
99,20.601100244647103,20.43109512794612,1.0539414700164056,0.9106872896258262,158.09122050246086,136.60309344387392,4.422009498004587
260,20.605516290275137,20.4356911831896,1.057951259655392,0.9141520593138824,158.6926889483088,137.12280889708234,4.434848349806966
330,20.606097708242974,20.436296301280485,1.0584804001737849,0.9146092778200664,158.77206002606772,137.19139167300995,4.436543672878688
305,20.60694407231132,20.437177165370635,1.0592511687840789,0.9152752817648834,158.88767531761178,137.2912922647325,4.4390136026464
449,20.60727912422049,20.4375258748754,1.0595564598350309,0.9155390769448324,158.93346897525458,137.33086154172486,4.439992055987002
389,20.608855652925087,20.439161808227297,1.0609942133433643,0.916781407646208,159.14913200150465,137.5172111469312,4.444592967328637
377,20.61035687358943,20.440712336170947,1.0623652206836496,0.9179660644742216,159.35478310254743,137.69490967113322,4.448969733928377
300,20.6132004327533,20.443649291441897,1.0649673120647594,0.9202144735316852,159.7450968097139,138.0321710297528,4.457281087811273
217,20.613525366602765,20.44398489767581,1.0652650854564354,0.9204717728701236,159.7897628184653,138.07076593051855,4.458232583425154
78,20.615918427140056,20.44645655778684,1.067460850180742,0.9223690841367574,160.11912752711126,138.3553626205136,4.465251240837857
74,20.62040463101308,20.45109011008948,1.071590192620648,0.925937156730463,160.73852889309725,138.89057350956944,4.47846182162547
270,20.622576370595453,20.45333318000504,1.073595287515319,0.9276697144549844,161.03929312729784,139.15045716824764,4.48488183997305
427,20.624375501340914,20.455191402824223,1.0752593915037596,0.9291076295517924,161.28890872556394,139.36614443276883,4.490212692602694
410,20.62589938199737,20.4567653350227,1.0766710520520846,0.9303274139090828,161.5006578078127,139.54911208636244,4.494736730787536
122,20.62631098604337,20.457190458117665,1.0770526836054444,0.9306571732124712,161.55790254081666,139.59857598187068,4.495960064458099
236,20.62647236095264,20.45735713335213,1.07720234670263,0.930786493752758,161.58035200539447,139.61797406291367,4.496439849131153
324,20.627109934012733,20.45801564736628,1.077793864412255,0.9312976109969971,161.66907966183825,139.69464164954957,4.498336304402595
243,20.6298419252943,20.4608192218457,1.0803324282853488,0.9334911273533596,162.04986424280233,140.02366910300395,4.50644721354479
458,20.6307724342008,20.46177387678305,1.081198509137881,0.9342394884783632,162.17977637068216,140.13592327175448,4.509215241475942
21,20.63742869987662,20.46860286772271,1.0874154939256604,0.9396114462076096,163.11232408884908,140.9417169311414,4.529103394866256
191,20.63858747320317,20.46979171037616,1.0885016770949056,0.9405499928295786,163.27525156423584,141.08249892443678,4.53258140993528
83,20.641023002190423,20.472290439573168,1.0907884005287298,0.94252589948599,163.6182600793095,141.37888492289846,4.539906828306193
253,20.643415102073643,20.474744612712414,1.093039325028934,0.9444708730832538,163.95589875434013,141.67063096248808,4.547121811258872
24,20.64553971866874,20.47692436156632,1.0950426968351614,0.946201941925528,164.2564045252742,141.93029128882918,4.553546838396604
498,20.65052976114908,20.482026704497727,1.099763351984037,0.9502809546269836,164.96450279760558,142.54214319404755,4.568669197856016
347,20.65080132751513,20.482303683951347,1.100020878168428,0.9505034772523312,165.00313172526418,142.57552158784966,4.569493455510464
331,20.65146185473827,20.48297737735465,1.1006475234185042,0.9510449474198728,165.09712851277564,142.6567421129809,4.571499367141034
264,20.65331467936778,20.48486713403181,1.1024073338669955,0.952565560331676,165.36110008004934,142.8848340497514,4.5771342718184185
483,20.65398876985625,20.485554661054778,1.1030483263491295,0.9531194276220636,165.45724895236944,142.9679141433095,4.579187347139764
228,20.656354116303653,20.487967155562657,1.105300671018162,0.9550656283554992,165.7951006527243,143.25984425332487,4.586404147970958
309,20.65814129522125,20.48978995802276,1.107005712823215,0.9565389169054964,166.05085692348223,143.48083753582446,4.591870033283255
448,20.661968469142565,20.49369341837041,1.1106664070243528,0.9597020410210428,166.59996105365292,143.9553061531564,4.603613070848566
438,20.662163966555468,20.49389281260099,1.1108537455755196,0.959863916079818,166.62806183632796,143.97958741197272,4.604214317613556
130,20.66245291116812,20.49418751669893,1.1111306929307283,0.9601032201051928,166.6696039396093,144.01548301577893,4.605103207466168
297,20.663458602381954,20.495213254189807,1.112095199344742,0.9609366285600198,166.8142799017113,144.14049428400295,4.608199364704821
225,20.663667785925607,20.495426607354524,1.1122959282476332,0.961110073922712,166.84438923714495,144.16651108840682,4.608843817039396
221,20.665281859817988,20.497072854315498,1.1138460612272316,0.9624495092157632,167.0769091840847,144.36742638236447,4.613821696998484
63,20.67034549614752,20.502213106003182,1.1187240221393069,0.9666644463145468,167.80860332089603,144.99966694718202,4.629454564763457
470,20.67070132743296,20.502573974949467,1.1190676583286905,0.9669613746723632,167.86014874930353,145.0442062008545,4.630555923421806
441,20.68180828133588,20.51383817490983,1.129850534888581,0.9762786175250846,169.47758023328714,146.4417926287627,4.665161755733857
168,20.6846451093503,20.51671516515278,1.1326222472974752,0.9786735923250028,169.89333709462127,146.8010388487504,4.674071623741474
494,20.685846806342663,20.517933875100805,1.133798537374224,0.9796899983136498,170.0697806061336,146.95349974704746,4.677854679778182
334,20.68682992469452,20.518930911893865,1.1347618348789492,0.980522362176956,170.21427523184238,147.0783543265434,4.68095352440997
320,20.68705104339984,20.519155161074465,1.1349786152559136,0.9807096772599642,170.24679228838704,147.10645158899462,4.681650986353459
391,20.68900907142736,20.52112924917875,1.1369001467312674,0.9823700296998328,170.5350220096901,147.35550445497492,4.687813262264648
386,20.6925319590255,20.524679503719245,1.1403660724827422,0.985364858747224,171.05491087241134,147.8047288120836,4.698932516835066
44,20.69344069485139,20.52559529890205,1.1412619335962213,0.9861389523307156,171.1892900394332,147.9208428496073,4.701808046416711
404,20.69744965952584,20.529635406524463,1.14522302699245,0.9895616446827964,171.78345404886747,148.43424670241944,4.714529516460218
188,20.69840068289153,20.53059381775052,1.1461648338125985,0.9903754389254492,171.92472507188975,148.55631583881737,4.717555948105891
354,20.69873842513568,20.530934183686803,1.1464995006962335,0.9906646171064544,171.97492510443502,148.59969256596813,4.718631536027544
319,20.70533982141292,20.53758686176805,1.15306165029309,0.9963348240396602,172.9592475439635,149.45022360594902,4.739738457311525
105,20.705418133114545,20.537665781820586,1.153139735176666,0.9964022954439156,172.9709602764999,149.4603443165873,4.739989806521901
119,20.70843981726922,20.54070706341649,1.1561569558010625,0.9990094084106264,173.4235433701593,149.85141126159397,4.749698122450076
177,20.708469148303635,20.54073649830241,1.1561862845165694,0.9990347506987832,173.42794267748542,149.8552126048175,4.749792360968416
115,20.70866560102977,20.540933646602795,1.1563827420572648,0.999204505272782,173.4574113085897,149.8806757909173,4.750423631021381
22,20.70967140470404,20.54194301149581,1.1573891252691282,1.0000740985335186,173.60836879036924,150.01111478002778,4.753657845785003
56,20.709914857117152,20.542187325893547,1.157632857579959,1.0002847021807415,173.64492863699385,150.0427053271112,4.754441239079282
310,20.71335891611273,20.545643579165,1.1610867149709398,1.0032691032273169,174.16300724564096,150.49036548409754,4.765547096052779
487,20.717016486200887,20.54931409950131,1.1647666596687805,1.006448861267199,174.71499895031707,150.9673291900798,4.777389423820445
268,20.725008766224107,20.55733467754949,1.1728509344192484,1.0134343025564378,175.92764016288726,152.0151453834657,4.803439426741813
422,20.725988639273563,20.55831802000592,1.173846172018018,1.0142942651417826,176.0769258027027,152.14413977126736,4.806649625965015
283,20.726306291424763,20.558636796858515,1.174168997095695,1.014573211082688,176.12534956435425,152.18598166240318,4.807691069963502
507,20.72675414865487,20.55908623980321,1.174624307498264,1.014966634634422,176.19364612473956,152.24499519516328,4.809160042455987
321,20.729307372213164,20.5616433527369,1.1772235982065111,1.0172126236930048,176.5835397309767,152.58189355395072,4.817539016033575
434,20.731700029212043,20.564030546070207,1.179664958443278,1.019322148557784,176.9497437664917,152.89832228366757,4.825395551841094
54,20.73194290659822,20.56427286884249,1.1799130794469077,1.019536544376454,176.9869619170361,152.9304816564681,4.826194262038898
366,20.733675258409345,20.566001264804125,1.1816844366308987,1.021067134564563,177.2526654946348,153.16007018468446,4.831897567895046
64,20.7343963510442,20.566720710813907,1.1824225956157897,1.0217049612602456,177.36338934236846,153.25574418903682,4.834274890580952
332,20.73769225373972,20.570009087269728,1.18580272847638,1.0246256585863869,177.870409271457,153.693848787958,4.845165815394403
134,20.741970329446453,20.574277393931016,1.1902054082731282,1.0284299158864891,178.5308112409692,154.2644873829734,4.859363294937404
365,20.74347594089181,20.57577956729167,1.1917589886697173,1.029772330015581,178.7638483004576,154.46584950233714,4.864376377575988
388,20.74583661764809,20.578134853409708,1.1941992019904604,1.0318808638558346,179.12988029856905,154.7821295783752,4.872253799351424
126,20.74966218845226,20.581951688469672,1.1981649063944773,1.0353075404767813,179.72473595917157,155.29613107151718,4.88506449806034
101,20.74975595561589,20.58204524151468,1.1982622832259489,1.0353916816224216,179.7393424838923,155.30875224336324,4.885379197170819
222,20.74998787601872,20.58227663232405,1.1985031676484144,1.0355998244729017,179.77547514726214,155.33997367093525,4.8861577071265545
333,20.752797939332805,20.585069581168334,1.2014259209132834,1.0381253103037107,180.2138881369925,155.7187965455566,4.895585579833286
326,20.758372794437715,20.590602485226388,1.2072466965958726,1.04315491259255,181.0870044893809,156.4732368888825,4.914362677058056
481,20.75917778853889,20.59140142170909,1.2080896641518286,1.0438833020341045,181.21344962277428,156.58249530511566,4.917083862073165
181,20.760905566873745,20.59311619843072,1.2099010499104874,1.0454484800197414,181.48515748657312,156.81727200296123,4.922932801981092
256,20.762009001900708,20.59421133005721,1.211059384082004,1.046449370711635,181.6589076123006,156.9674056067452,4.9266741924310615
505,20.76207409461714,20.594275932947884,1.211127751998584,1.0465084459016891,181.66916279978764,156.9762668852534,4.926895046990929
468,20.76209306625557,20.594294761823843,1.2111476789811704,1.0465256643623704,181.6721518471756,156.97884965435557,4.92695941936304
392,20.76553644669813,20.597712230666627,1.2147702080562055,1.0496558108446827,182.2155312084309,157.4483716267024,4.938666065071675
289,20.76603668477856,20.59820870443197,1.215297424984802,1.0501113672198774,182.29461374772023,157.5167050829816,4.940370556884797
463,20.767156489854667,20.59932008292221,1.216478501129883,1.051131908743297,182.47177516948247,157.66978631149456,4.944189643257963
48,20.767689927637704,20.599849506560847,1.2170415533761043,1.0516184296162456,182.5562330064156,157.74276444243682,4.946010634337939
368,20.76801645668729,20.60017357846398,1.2173863461259653,1.0519163573321446,182.6079519188948,157.78745359982167,4.947125846712117
477,20.768183061077888,20.600338929148705,1.217562308988354,1.052068402912267,182.6343463482531,157.81026043684008,4.94769501880569
34,20.76837599302564,20.60053040927447,1.217766111896217,1.0522445044540127,182.66491678443256,157.8366756681019,4.948354268318187
242,20.76865469877805,20.600807017752988,1.2180605853519806,1.0524989523915171,182.7090878027971,157.87484285872756,4.949306862031399
337,20.77509469952673,20.607190585065176,1.2248859483612309,1.0583965961567916,183.7328922541846,158.75948942351874,4.971386028322396
184,20.783402201272185,20.615390844645795,1.2337503585807723,1.0660561350843567,185.0625537871159,159.90842026265352,5.000035763840071
163,20.78392094656548,20.615902893417086,1.23430612414282,1.066536359696223,185.145918621423,159.98045395443344,5.001833673203298
27,20.79156256308147,20.623445863730748,1.2425238194284076,1.0736370866905658,186.3785729142612,161.04556300358487,5.02844101773464
317,20.79493824936662,20.626777973027764,1.2461723842685648,1.0767897300961389,186.92585764028476,161.51845951442078,5.040268135666373
403,20.79641918266974,20.62823978885149,1.2477766022069812,1.0781758989943817,187.1664903310472,161.72638484915726,5.045471004725096
259,20.798509762213182,20.63029657400638,1.250044933480276,1.0801359133955784,187.5067400220414,162.02038700933676,5.052816265841611
155,20.799222332116315,20.63099714766369,1.2508190849360104,1.080804840381601,187.62286274040156,162.12072605724015,5.0553228387118265
373,20.799450414028414,20.631221389774712,1.2510669850882072,1.0810190453674802,187.6600477632311,162.152856805122,5.056125576579556
164,20.800292082356528,20.6320488884612,1.251982236003767,1.0818098932459734,187.79733540056503,162.27148398689602,5.059089626610602
342,20.80583464135351,20.63749813745465,1.2580270442093575,1.08703307703527,188.7040566314036,163.0549615552905,5.0786788313198885
30,20.80589352376614,20.63755602857099,1.2580914276035144,1.0870887092884736,188.71371414052717,163.06330639327103,5.078887597953584
346,20.80695752530082,20.63860211744349,1.2592554313315183,1.0880944989175256,188.88831469972777,163.21417483762886,5.082662383899
474,20.80995984123915,20.64155388883895,1.2625460623481033,1.0909378596988466,189.3819093522155,163.64067895482697,5.0933381944433584
98,20.810661956084623,20.642244183451435,1.26331691123413,1.0916039330081315,189.49753668511948,163.74058995121973,5.095840026231439
360,20.811678480274704,20.643243594269183,1.264433829542557,1.0925690371775492,189.66507443138357,163.88535557663238,5.099465692617827
210,20.814634582584333,20.64614993005091,1.2676878117459616,1.0953807305377727,190.15317176189424,164.3071095806659,5.110032916379122
399,20.81800619884305,20.649459688982056,1.2714099737918938,1.0985969676454228,190.71149606878407,164.78954514681342,5.122117573320359
189,20.81833781914036,20.6497842610869,1.2717766952238083,1.0989138434458148,190.76650428357124,164.8370765168722,5.123306588673636
478,20.81869438672169,20.65013325025111,1.272171129121061,1.0992546649686836,190.8256693681591,164.88819974530253,5.124585545749932
281,20.81873842085829,20.65017634849485,1.2722198484971154,1.099296762293624,190.8329772745673,164.8945143440436,5.124743525436541
67,20.81962905845228,20.651048056652893,1.273205672961783,1.1001485911999878,190.9808509442675,165.02228867999816,5.127940510722267
0,20.82267348390904,20.654027776490825,1.276581564561147,1.1030656237470102,191.487234684172,165.45984356205153,5.138892785018448
53,20.823133836712604,20.6544783450466,1.2770928606626517,1.103507423291029,191.5639290993977,165.52611349365435,5.140552157135157
271,20.827110608556453,20.65837059536521,1.2815187154128411,1.1073317055509015,192.22780731192617,166.09975583263522,5.154922443139126
97,20.83003039148313,20.661228321800845,1.284778521778008,1.1101484314392496,192.7167782667012,166.52226471588745,5.165514145543927
273,20.830308655782368,20.661500671925484,1.285089647672489,1.110417268377199,192.76344715087328,166.5625902565798,5.166525379806541
132,20.833497155120742,20.664621403527143,1.2886603717246694,1.1135026512960735,193.2990557587004,167.02539769441103,5.178135201064488
153,20.836465122895227,20.66752629069932,1.2919935342465374,1.116382762601377,193.7990301369806,167.45741439020654,5.1889794200652855
453,20.83964697484484,20.67064051619449,1.2955770008729364,1.1194791560940909,194.33655013094045,167.9218734141136,5.200645292900108
407,20.84031052560756,20.671289445130306,1.2963256254041082,1.1201260258346175,194.44884381061624,168.01890387519265,5.203082233090824
485,20.84043780414392,20.67141347059336,1.2964692744465025,1.1202501497644537,194.47039116697536,168.037522464668,5.203548895474901
178,20.84412616913361,20.67500756578688,1.3006393352989587,1.1238534062291974,195.0959002948438,168.5780109343796,5.217101063605162
17,20.84591307717026,20.676748802785863,1.3026646950278251,1.1256034743444314,195.3997042541737,168.8405211516647,5.223686838937401
490,20.84725237768244,20.67805387252461,1.304184896935981,1.1269170468670129,195.62773454039717,169.0375570300519,5.228631563098003
447,20.84846071910146,20.679231330313737,1.3055580559700608,1.1281035629255864,195.83370839550912,169.21553443883795,5.233099144564867
103,20.849969627104624,20.680701672597326,1.3072749192549369,1.129587066152324,196.0912378882405,169.4380599228486,5.238686490400897
70,20.852756750979168,20.683417561222573,1.3104524214094089,1.1323326748100715,196.5678632114113,169.84990122151072,5.249031776862439
146,20.85535536224663,20.68594975537698,1.3134223411295407,1.1348989161216418,197.0133511694311,170.23483741824626,5.258706430224
484,20.8603664392434,20.69083275578469,1.319169484372035,1.1398648942632146,197.87542265580524,170.9797341394822,5.27744227537208
152,20.86427903054299,20.69464198373572,1.3236752083157557,1.1437581897097306,198.55128124736336,171.5637284564596,5.292136571366697
262,20.864554044241416,20.694908703425,1.323992522271343,1.144032373613102,198.59887834070145,171.6048560419653,5.29316952173601
465,20.865352823190857,20.69568339237476,1.32491461707777,1.1448291351448692,198.73719256166552,171.72437027173038,5.296171528587882
135,20.865921175035474,20.69623460356265,1.3255711232819976,1.145396407496095,198.83566849229965,171.80946112441424,5.298309162158762
13,20.86667074183092,20.69696156452468,1.3264374759025668,1.1461450034497906,198.96562138538505,171.9217505174686,5.301130436627348
511,20.86729929428457,20.697571160759697,1.327164419424951,1.1467731391147633,199.07466291374263,172.0159708672145,5.30349804622091
372,20.86930971705173,20.69952095212956,1.329492364894977,1.148784664812165,199.42385473424656,172.3176997218247,5.311081984164807
257,20.87128383576885,20.7014355343262,1.331782458282322,1.150763483370162,199.7673687423483,172.61452250552426,5.318545526352789
240,20.87328746436234,20.703378736424696,1.334111033772078,1.152775553453543,200.11665506581173,172.91633301803145,5.326137445708502
284,20.8763323669339,20.70633180920774,1.3376579692127983,1.1558403811644569,200.64869538191977,173.37605717466852,5.337707344265413
357,20.87883559195805,20.708759540642465,1.3405813545623402,1.1583664131655174,201.08720318435104,173.75496197482758,5.3472484434408845
86,20.88002155806018,20.709909739749165,1.3419687301121308,1.159565213397861,201.2953095168196,173.93478200967908,5.351778078929721
65,20.88357045183556,20.713351604101693,1.3461293603362912,1.163160321067281,201.9194040504437,174.4740481600921,5.365368399073373
172,20.88655509012921,20.716246230088927,1.3496389848219374,1.1661929092150722,202.4458477232906,174.92893638226082,5.376839596402874
471,20.89050226477481,20.7200650838063,1.3542952501247043,1.1702162840883368,203.14428751870565,175.5324426132505,5.392047347241832
380,20.89186403261449,20.72138163569033,1.3559055729623266,1.1716077280936608,203.385835944349,175.74115921404913,5.397307301347212
111,20.89343028247983,20.72289588000644,1.3577601925769678,1.1732102634888364,203.66402888654517,175.98153952332544,5.4033669395666175
502,20.893862253278293,20.723313507704777,1.3582721650957148,1.1736526475098894,203.74082476435723,176.0478971264834,5.405040041076094
510,20.896869305741344,20.726220714403496,1.3618417624471868,1.1767370568718412,204.276264367078,176.51055853077617,5.416709188234989
51,20.897987940234213,20.727302205907563,1.3631721834349926,1.177886643938974,204.47582751524888,176.68299659084613,5.421060115521686
100,20.898151604205296,20.727460435602232,1.3633669478781874,1.17805493554523,204.5050421817281,176.70824033178448,5.421697140006573
161,20.89909068492089,20.728368335208422,1.3644850447797328,1.179021058110643,204.67275671695992,176.85315871659645,5.425354536914598
295,20.900393140416053,20.72962754414703,1.366037383378487,1.1803623992299548,204.905607506773,177.0543598844932,5.430433475794028
381,20.901465563371502,20.730664358515337,1.3673169511172787,1.181468045140173,205.0975426675918,177.22020677102591,5.4346209219993815
336,20.90522882255533,20.734302662948885,1.3718170898658584,1.1853565145442857,205.7725634798788,177.80347718164282,5.449354706632501
415,20.90655175273927,20.735581666737456,1.3734027601028709,1.1867266567879176,206.01041401543063,178.00899851818764,5.45454885007218
374,20.90741751019044,20.736418677695013,1.374441504459037,1.1876242125908183,206.1662256688556,178.14363188862276,5.45795215792362
358,20.90898421779756,20.73793181103005,1.376323356800219,1.1892502791768882,206.4485035200329,178.38754187653322,5.464115557419582
482,20.909398489840324,20.73833078508437,1.3768214129045022,1.189680638334958,206.5232119356753,178.4520957502437,5.465744404563092
296,20.91044187054932,20.739335636459053,1.3780766511771545,1.1907652616967646,206.71149767657317,178.61478925451468,5.469850115276274
425,20.911060876653423,20.73993178427861,1.3788219146539558,1.1914092272252623,206.8232871980933,178.7113840837894,5.472288153669128
426,20.912462987696376,20.74128211900957,1.380511578982295,1.1928692284410125,207.07673684734425,178.93038426615183,5.47781674451464
252,20.913386965844825,20.742171977049534,1.381626242097892,1.1938323839486638,207.2439363146838,179.07485759229957,5.481464733223817
398,20.913552692733468,20.74233158407547,1.3818262707593545,1.194005224248374,207.27394061390316,179.1007836372561,5.48211944020331
20,20.913809738604872,20.74257913791177,1.38213657963987,1.1942733552228,207.3204869459805,179.14100328342002,5.483135142330092
499,20.9165061327652,20.745175961252787,1.3853961180857697,1.1970898496080922,207.80941771286544,179.56347744121382,5.493807243739722
486,20.92125760754541,20.74975197643449,1.3911596254000047,1.2020699675786448,208.67394381000068,180.3104951367967,5.5126909532535135
28,20.92582327647589,20.754149047092948,1.396721499107382,1.2068758584520096,209.5082248661073,181.03137876780144,5.530930105178825
247,20.927042601779767,20.7553233458865,1.398210825340274,1.2081627519930522,209.7316238010411,181.22441279895784,5.5358167509499
16,20.927695009941672,20.7559516623128,1.39900838458039,1.2088519051228612,209.85125768705848,181.32778576842915,5.538434094963342
461,20.928053111722,20.75629654032629,1.3994463618724142,1.2092303515208238,209.9169542808621,181.3845527281236,5.539871538945144
42,20.92853553284181,20.756761146889588,1.4000366160593507,1.2097403769833224,210.0054924089026,181.4610565474984,5.541808910457741
148,20.928633457673392,20.756855455611976,1.400156461453562,1.2098439327123012,210.0234692180343,181.4765899068452,5.542202296545666
121,20.932205778578307,20.7602958600024,1.4045358274088902,1.213628045042633,210.68037411133352,182.04420675639497,5.556582318460858
90,20.93235317998436,20.76043781825811,1.4047168380642,1.2137844523079009,210.70752570963,182.06766784618512,5.557176891094315
69,20.93248725897472,20.76056694606028,1.4048815099237335,1.2139267415845851,210.73222648856003,182.08901123768777,5.557717809432805
278,20.932607570672275,20.76068281495995,1.4050292904655184,1.2140544354507876,210.75439356982776,182.10816531761813,5.558203254395998
385,20.93392207926037,20.76194878216673,1.4066449842182225,1.2154505203439012,210.9967476327334,182.3175780515852,5.563511373004271
150,20.934748088591974,20.762744289123304,1.4076612504816384,1.2163286533287945,211.1491875722457,182.44929799931916,5.566850837274879
382,20.934929123067743,20.76291860359945,1.4078840861471027,1.2165212006513797,211.18261292206537,182.47818009770697,5.567583062685904
504,20.93685558198577,20.76476880486609,1.4102576646004212,1.2185721567906551,211.5386496900632,182.78582351859828,5.575372448682606
343,20.93694822626469,20.76485778188014,1.4103719169467697,1.218670879691869,211.55578754201545,182.80063195378037,5.575747461971604
277,20.94222457147401,20.76992526631918,1.4168949726238815,1.2243073064419947,212.53424589358224,183.6460959662992,5.597168992862714
88,20.94345407326789,20.77110609906629,1.4184195320694415,1.2256246442153425,212.7629298104162,183.84369663230132,5.602178641284762
246,20.94426710012215,20.771886942769463,1.4194286164863643,1.2264965715270526,212.91429247295463,183.97448572905788,5.605495088572976
452,20.945126380171025,20.77271220876396,1.4204959273180184,1.2274188109835305,213.07438909770275,184.1128216475296,5.609003449185208
141,20.94770823818777,20.77519186557272,1.423707923719151,1.2301942253495577,213.55618855787264,184.52913380243365,5.619564999600509
245,20.94889058293597,20.776327407955822,1.4251813811858882,1.231467407044117,213.77720717788324,184.72011105661755,5.624411658830754
31,20.951718750177044,20.77904362399488,1.42871238892252,1.2345184719815947,214.306858338378,185.1777707972392,5.636030578766282
102,20.953069897046444,20.78034128657454,1.4304025563545806,1.2359789079180357,214.5603834531871,185.39683618770536,5.641594304164181
457,20.95309149158944,20.780362026311284,1.4304295862890712,1.236002263880848,214.56443794336067,185.4003395821272,5.641683293178966
169,20.95675985298776,20.783877632076106,1.4350290730372703,1.2399765776729812,215.25436095559056,185.9964866509472,5.656812242578514
72,20.95743846237588,20.784526245014696,1.4358816312961502,1.2407132542267707,215.38224469442252,186.1069881340156,5.659613312346754
290,20.960574365245275,20.78752353212993,1.4398282746646125,1.244123460632529,215.97424119969187,186.6185190948794,5.672584481929014
241,20.9614885756147,20.78839733182176,1.4409809824522273,1.2451194896917304,216.14714736783407,186.76792345375955,5.676374410546295
454,20.963721550535183,20.790531602950853,1.4438005650254804,1.2475558280317256,216.57008475382204,187.13337420475884,5.685647434509192
506,20.964825978961777,20.791587212525062,1.4451972686691064,1.248762688461655,216.77959030036592,187.31440326924823,5.690242302385558
35,20.96620467729088,20.79290496849829,1.4469428147130852,1.2502709758200443,217.0414222069628,187.54064637300667,5.695986090512235
462,20.969291036815218,20.79585490222409,1.45085842475828,1.253654367024145,217.628763713742,188.04815505362168,5.708875805750364
418,20.97228222340981,20.798713869932147,1.4546638995578964,1.2569425928218718,218.1995849336845,188.5413889232808,5.721409905183503
220,20.973254027280163,20.79964271732968,1.455902509174757,1.2580128477335282,218.3853763762136,188.7019271600292,5.725490987345817
492,20.97641088951323,20.802660037345568,1.459933717586561,1.2614961249048924,218.9900576379841,189.22441873573385,5.7387783658082085
43,20.976503743453733,20.80274878687993,1.460052466084527,1.2615987328303198,219.00786991267907,189.239809924548,5.739169891660305
469,20.97759500122276,20.8037918079768,1.4614488067421447,1.2628052796121445,219.21732101132173,189.42079194182165,5.743774264166938
71,20.97779680493687,20.803984691397392,1.4617071821287255,1.2630285360141411,219.2560773193088,189.4542804021212,5.744626345863798
442,20.97820724706292,20.804376990823485,1.4622328313905366,1.2634827378034734,219.33492470858047,189.522410670521,5.746359951531176
508,20.98530141432697,20.811153213006644,1.4713496542568534,1.271360380862718,220.702448138528,190.7040571294077,5.776436749156885
420,20.98651040194488,20.81230616469313,1.4729092776081325,1.2727080165740172,220.93639164121984,190.90620248610256,5.781581097262051
212,20.98825987074208,20.81397454654444,1.4751692042378997,1.274660768710418,221.27538063568497,191.1991153065627,5.789037348269377
304,20.988883682117176,20.814569444594927,1.4759759094825295,1.2753578246984965,221.3963864223794,191.30367370477447,5.791699505529343
501,20.989227344860154,20.81489717875301,1.4764205275022009,1.2757420092009308,221.46307912533013,191.3613013801396,5.793166889091239
133,20.996162354847577,20.82151075472544,1.485422851098597,1.2835207159978168,222.81342766478957,192.5281073996725,5.822896925277892
503,20.996275580221766,20.82161873216391,1.4855703051762226,1.2836481277736291,222.83554577643335,192.5472191660444,5.823384197917132
341,20.997177906232885,20.82247923584555,1.4867459581076747,1.284663983219253,223.0118937161512,192.69959748288792,5.827269581778855
5,20.999076260060924,20.82428960198591,1.489222534021439,1.2868039371641558,223.38338010321576,193.02059057462336,5.835456407070211
